{
  "x": 363.566650390625,
  "y": 592.5,
  "width": 95.36666870117188,
  "height": 19
}