{
  "x": 363.566650390625,
  "y": 502.5,
  "width": 92.36666870117188,
  "height": 19
}